<!DOCTYPE hibernate-configuration PUBLIC "-//Hibernate/Hibernate Configuration DTD 3.0//EN" "http://www.hibernate.org/dtd/hibernate-configuration-3.0.dtd">
<hibernate-configuration>
  <session-factory>
  
    <!-- parametros para la conexion a la base de datos -->
    <property name="hibernate.connection.driver_class">com.mysql.jdbc.Driver</property>
    <property name="hibernate.connection.url">jdbc:mysql://localhost:3306/inmobiliaria</property>
    

    <property name="hibernate.connection.username">root</property>
    <property name="hibernate.connection.password"></property>
    
    <!-- Determina el lenguaje SQL con el que Hibernate se comunicará con la base de datos. -->
    <property name="hibernate.dialect">org.hibernate.dialect.MySQL5Dialect</property>
    
    <!-- Archivos de mapeo donde está la información de la clase/tabla -->
    <mapping class="gal.teis.negocio.Propietarios"/>
    <mapping class="gal.teis.negocio.DatosBancarios"/>
    <mapping class="gal.teis.negocio.Inmuebles"/>
     
  </session-factory>
</hibernate-configuration>
<!-- http://www.cursohibernate.es/doku.php?id=unidades:02_hibernate:03_configurando-->